company,role,date,status
Atlassian,Python Backend Engineer,2026-06-17,NEW
Atlassian,Backend Engineer,2026-06-17,NEW
Atlassian,Software Engineer,2026-06-17,NEW
Atlassian,Platform Engineer,2026-06-17,NEW
Atlassian,Data Engineer,2026-06-17,NEW
Canva,Python Backend Engineer,2026-06-17,NEW
Canva,Backend Engineer,2026-06-17,NEW
Canva,Software Engineer,2026-06-17,NEW
Canva,Platform Engineer,2026-06-17,NEW
Canva,Data Engineer,2026-06-17,NEW
Xero,Python Backend Engineer,2026-06-17,NEW
Xero,Backend Engineer,2026-06-17,NEW
Xero,Software Engineer,2026-06-17,NEW
Xero,Platform Engineer,2026-06-17,NEW
Xero,Data Engineer,2026-06-17,NEW
WiseTech,Python Backend Engineer,2026-06-17,NEW
WiseTech,Backend Engineer,2026-06-17,NEW
WiseTech,Software Engineer,2026-06-17,NEW
WiseTech,Platform Engineer,2026-06-17,NEW
WiseTech,Data Engineer,2026-06-17,NEW
Booking.com,Python Backend Engineer,2026-06-17,NEW
Booking.com,Backend Engineer,2026-06-17,NEW
Booking.com,Software Engineer,2026-06-17,NEW
Booking.com,Platform Engineer,2026-06-17,NEW
Booking.com,Data Engineer,2026-06-17,NEW
Adyen,Python Backend Engineer,2026-06-17,NEW
Adyen,Backend Engineer,2026-06-17,NEW
Adyen,Software Engineer,2026-06-17,NEW
Adyen,Platform Engineer,2026-06-17,NEW
Adyen,Data Engineer,2026-06-17,NEW
SAP,Python Backend Engineer,2026-06-17,NEW
SAP,Backend Engineer,2026-06-17,NEW
SAP,Software Engineer,2026-06-17,NEW
SAP,Platform Engineer,2026-06-17,NEW
SAP,Data Engineer,2026-06-17,NEW
Zalando,Python Backend Engineer,2026-06-17,NEW
Zalando,Backend Engineer,2026-06-17,NEW
Zalando,Software Engineer,2026-06-17,NEW
Zalando,Platform Engineer,2026-06-17,NEW
Zalando,Data Engineer,2026-06-17,NEW
HubSpot,Python Backend Engineer,2026-06-17,NEW
HubSpot,Backend Engineer,2026-06-17,NEW
HubSpot,Software Engineer,2026-06-17,NEW
HubSpot,Platform Engineer,2026-06-17,NEW
HubSpot,Data Engineer,2026-06-17,NEW
Stripe,Python Backend Engineer,2026-06-17,NEW
Stripe,Backend Engineer,2026-06-17,NEW
Stripe,Software Engineer,2026-06-17,NEW
Stripe,Platform Engineer,2026-06-17,NEW
Stripe,Data Engineer,2026-06-17,NEW
